,resid,formula,Distance to Hull (eV),decomp,Distance to known hull (eV),decomp_known,structure_uuid,functional,Energy Per Atom (eV)
0,3451c2,Li2FeSO,0.0,Li2FeSO,-0.02672386450000097,FeO+Li2S,11f85c2c-27fb-4120-b5d9-8a06bf6771a2,pbe,-5.135917913
1,a5f966,Li2FeSO,1.982299999614412e-05,Li2FeSO,-0.026704041500000386,FeO+Li2S,f4f63720-bda7-43ea-90a0-fc08e77626bb,pbe,-5.1358980899999995
2,Li2FeSO Ziheng MODE PUSHED PRIMITIVE,Li2FeSO,0.00013391649999583422,Li2FeSO,-0.026589948000000696,FeO+Li2S,664f185d-dac4-43c3-b6e2-201917554b5a,pbe,-5.1357839965
3,1cc1b8,Li2FeSO,0.0008139269999958287,Li2FeSO,-0.0259099375000007,FeO+Li2S,9584f940-3363-46b7-b35b-99359dc2d5a1,pbe,-5.135103986
4,4e0b8b,Li2FeSO,0.0018688703333298307,Li2FeSO,-0.0248549941666667,FeO+Li2S,0f000ca6-6d86-4ea0-9665-5e689017efee,pbe,-5.134049042666666
